name,gender,country,disciplines
PEDRERO Ofelia,Female,Mexico,Artistic Swimming
RADHI SHENAISHIL,Male,Iraq,Football
AFLAKIKHAMSEH Majid,Male,IR Iran,Taekwondo
YOUSEFY Mehrdad,Male,IR Iran,Taekwondo
MADDAH Minoo,Female,IR Iran,Taekwondo
LOFTUS Adriana,Female,Mexico,Artistic Swimming
FERRARA Fernando,Male,Argentina,Hockey
GULLA Alejandra,Female,Argentina,Hockey
CAPURRO Santiago,Male,Argentina,Hockey
RONCONI Mariano,Male,Argentina,Hockey
PAULON Ezequiel,Male,Argentina,Hockey
VILA Matias,Male,Argentina,Hockey
KHEIRKHAH HAJIRASOULIAN Mohammadre.,Male,IR Iran,Artistic Gymnastics
DAVIS DIAZ David,Male,Mexico,Taekwondo
MENDOZA MORA Abel,Male,Mexico,Taekwondo
VICTORIA ESPINOSA de los Alfonso,Male,Mexico,Taekwondo
MILANO Guillermo,Male,Argentina,Handball
GOMEZ CORA Santiago,Male,Argentina,Rugby Sevens
GRAVANO Leonardo,Male,Argentina,Rugby Sevens
FILIORIANU Ana Luiza,Female,Romania,Rhythmic Gymnastics
SMAILI Badr,Male,Morocco,Taekwondo
OCEGUERA ORNELAS Pavel,Male,Mexico,Artistic Gymnastics
VALENZUELA GOMEZ Maria,Female,Mexico,Artistic Gymnastics
MEZA PADILLA Jose,Male,Mexico,Artistic Gymnastics
AGUILAR ROJAS Blajaith,Female,Mexico,Rhythmic Gymnastics
FURALEV Vladislav,Male,Mexico,Rhythmic Gymnastics
UPTON Patrick Anthony Howard,Male,India,Hockey
SCHOPMAN Johanna Dorothea Maria,Female,India,Hockey
HALKETT Rhett Kennedy,Male,India,Hockey
FULTON Craig Arthur,Male,India,Hockey
FARRY Anthony James,Male,India,Hockey
THORPE Karen,Female,Great Britain,Artistic Swimming
TOMOMATSU Yumiko,Female,Great Britain,Artistic Swimming
CURRAN Orlaith,Female,Ireland,Rugby Sevens
NASKAR Arup,Male,India,Hockey
CHINNASAMY Ashok Kumar,Male,India,Hockey
BUSNARI Alberto,Male,Italy,Artistic Gymnastics
COCCIARO Giuseppe,Male,Italy,Artistic Gymnastics
FORTUNA Marco,Male,Italy,Artistic Gymnastics
BERGAMELLI Monica Roberta,Female,Italy,Artistic Gymnastics
CHIRILCENCO Marc Michel,Male,Algeria,Artistic Gymnastics
HAMICI Saad Eddine,Male,Algeria,Artistic Gymnastics
HERRANZ MARTIN Miguel Angel,Male,Spain,Taekwondo
RAMAL MUNOZ Jesus,Male,Spain,Taekwondo
SEIJO GIEBELS Christian Jaime,Male,Spain,Taekwondo
TOLEDO AROCA Antonio,Male,Spain,Taekwondo
YAGUE ENRIQUE Brigida,Female,Spain,Taekwondo
JONES Gilmar,Male,Suriname,Taekwondo
DIMITROVA Vesela,Female,Bulgaria,Rhythmic Gymnastics
STOYNEVA Yasena,Female,Bulgaria,Rhythmic Gymnastics
MARKOVA Branimira,Female,Bulgaria,Rhythmic Gymnastics
PAMUKOVA Mariyana,Female,Bulgaria,Rhythmic Gymnastics
IVANOVA Valentina,Female,Bulgaria,Rhythmic Gymnastics
LEE Eui Yong,Male,Gambia,Taekwondo
ARILL Samuel,Male,Puerto Rico,Basketball
MORALES OTERO Carlos,Male,Puerto Rico,Basketball
BATISTA Gerardo,Male,Puerto Rico,Basketball
COTUTIU Florin,Male,Romania,Artistic Gymnastics
JONES Daymon,Male,Romania,Artistic Gymnastics
KIENS Patrick,Male,Romania,Artistic Gymnastics
MOROSAN Corina,Female,Romania,Artistic Gymnastics
VOINEA Camelia,Female,Romania,Artistic Gymnastics
BERBECAR Marius,Male,Romania,Artistic Gymnastics
LIU Tsung-Ta,Male,Chinese Taipei,Taekwondo
GEORGALLAS Irodotos,Male,Cyprus,Artistic Gymnastics
PETRIDIS Panagiotis,Male,Cyprus,Artistic Gymnastics
FLANNERY Eimear,Female,Ireland,Rugby Sevens
SHIPPI Panayiotis,Male,Cyprus,Artistic Gymnastics
TRIKOMITI Chrystalleni,Female,Cyprus,Rhythmic Gymnastics
DEACU George,Male,Romania,Water Polo
RATH Bogdan,Male,Romania,Water Polo
ARIAS Ramon,Male,Chile,Taekwondo
WIBERG Johanna,Female,Sweden,Handball
FORSBERG Thomas,Male,Sweden,Handball
AXNER Tomas,Male,Sweden,Handball
DIOVOL Alioune,Male,Senegal,Taekwondo
da ROCHA Cristiano,Male,Brazil,Handball
ALTENBURG Valentin,Male,Germany,Hockey
HENNING Andre,Male,Germany,Hockey
SCHMITZ Johannes,Male,Germany,Hockey
ARKELL Robin,Male,Germany,Hockey
GADEMAN Pasha,Male,Germany,Hockey
WEIDINGER Markus,Male,Austria,Taekwondo
SOLBERG Glenn,Male,Sweden,Handball
SVENSSON Tomas,Male,Sweden,Handball
APELGREN Michael,Male,Sweden,Handball
TANKOUCHEV Milko,Male,Bulgaria,Artistic Gymnastics
YANEV Filip,Male,Bulgaria,Artistic Gymnastics
WINIARSKI Michal,Male,Germany,Volleyball
RANNER Thomas,Male,Germany,Volleyball
POSMYK Dominik,Male,Germany,Volleyball
SALLAH Mariama M.,Female,Gambia,Taekwondo
TUMILTY Mark,Male,Ireland,Hockey
TOTH Balazs,Male,Germany,Taekwondo
QUSAI MUNIR,Male,Iraq,Football
CRUZ LOPEZ Jose L,Male,Puerto Rico,Basketball
COLON Nelson,Male,Puerto Rico,Basketball
CRUZ Rafael,Male,Puerto Rico,Basketball
BESHEER Gamal,Male,Egypt,Artistic Gymnastics
MOHAMED Ahmed,Male,Egypt,Artistic Gymnastics
ABDELMEGUID Zakaria,Male,Egypt,Artistic Gymnastics
MOHAMED Mayar,Female,Egypt,Rhythmic Gymnastics
HUSSEIN Noha,Female,Egypt,Rhythmic Gymnastics
MOUNDOUNGA KOMBILA Stephane,Male,Gabon,Taekwondo
MLADENOVA Albena,Female,Austria,Artistic Swimming
AL-ASSAF Faris,Male,Jordan,Taekwondo
ALSADEQ Yazan,Male,Jordan,Taekwondo
ALJALLAD Riham,Female,Jordan,Taekwondo
KRAVCHENKO Sergiy,Male,Ukraine,Football
ROTAN Ruslan,Male,Ukraine,Football
SIREKANYAN Gurgen,Male,Jordan,Artistic Gymnastics
FREHSE Gabriele,Female,Austria,Artistic Gymnastics
SAHIN Ali,Male,Türkiye,Taekwondo
TAZEGUL Servet,Male,Türkiye,Taekwondo
BABEL Vincent,Male,Suriname,Taekwondo
GOKTEKIN Yilmaz,Male,Türkiye,Artistic Gymnastics
NURI Tufan,Male,Türkiye,Artistic Gymnastics
GOJKOVIC Vladimir,Male,Montenegro,Water Polo
TOMAS Toni,Male,Great Britain,Taekwondo
LAURA Veljko,Male,Croatia,Taekwondo
MESAROV Dejan,Male,Croatia,Taekwondo
GALAMBOS Bence,Male,Hungary,Taekwondo
MARTON Luana,Female,Hungary,Taekwondo
SALIM Gergely,Male,Hungary,Taekwondo
SALIM Sharif Gergely,Male,Hungary,Taekwondo
MIKKONEN Suvi,Female,Hungary,Taekwondo
ROUSSEAUX Emile,Male,France,Volleyball
ANDRE Felix,Male,France,Volleyball
GAUTHIER Charles,Male,France,Volleyball
TOUPANE Jean Aime,Male,France,Basketball
MELAIN Catherine,Female,France,Basketball
GAUTIER David,Male,France,Basketball
HALIN Gregory,Male,France,Basketball
LEONARD Christophe,Male,France,Basketball
COLLET Vincent,Male,France,Basketball
DONNADIEU Pascal,Male,France,Basketball
ATKINSON Kenny,Male,France,Basketball
NELHOMME Ruddy,Male,France,Basketball
GOMIS Joseph,Male,France,Basketball
CIAMARRA Roberto,Male,France,Volleyball
GEILER Loic,Male,France,Volleyball
GIANI Andrea,Male,France,Volleyball
WENG Shih-Hang,Male,Chinese Taipei,Artistic Gymnastics
TSAI Heng-Cheng,Male,Chinese Taipei,Artistic Gymnastics
SANTARELLI Daniele,Male,Türkiye,Volleyball
FLISI Diego,Male,Türkiye,Volleyball
ZOTTA Andrea,Male,Türkiye,Volleyball
VATANSEVER Recep,Male,Türkiye,Volleyball
DARET Jerome,Male,France,Rugby Sevens
KRUMBHOLZ Olivier,Male,France,Handball
GARDILLOU Sebastien,Male,France,Handball
LEYNAUD Amandine,Female,France,Handball
GALKIN Evgeniy,Male,Uzbekistan,Artistic Gymnastics
ABDUSAMATOV Khusniddin,Male,Uzbekistan,Artistic Gymnastics
MWEMA Kevin,Male,Kenya,Rugby Sevens
AMONDE Andrew,Male,Kenya,Rugby Sevens
KISIA Louis,Male,Kenya,Rugby Sevens
HRUBESCH Horst,Male,Germany,Football
CARLSON Britta,Female,Germany,Football
FUCHS Michael,Male,Germany,Football
NOERENBERG Thomas,Male,Germany,Football
MUKHAMEDOVA Rano,Female,Uzbekistan,Rhythmic Gymnastics
VLASOVA Liliya,Female,Uzbekistan,Rhythmic Gymnastics
KHAN Pavel,Male,Uzbekistan,Taekwondo
RAFALOVICH Maksim,Male,Uzbekistan,Taekwondo
KHAN Vladimir,Male,Uzbekistan,Taekwondo
BAYKUZIYEV Jasur,Male,Uzbekistan,Taekwondo
PAKKAN Saim,Male,Serbia,Volleyball
NISHIIRI Toshihiro,Male,Japan,Football
IKEDA Futoshi,Male,Japan,Football
MIYAMOTO Tomomi,Female,Japan,Football
MENEZES Jude,Male,Japan,Hockey
OZAWA Kazuyuki,Male,Japan,Hockey
ERSIMSEK Ahmetcan,Male,Serbia,Volleyball
ROTHMAN Neville,Male,Ireland,Hockey
GELLE Noemi Katalin,Female,Hungary,Rhythmic Gymnastics
NAGANUMA Atsushi,Male,Japan,Water Polo
HAZUI Shota,Male,Japan,Water Polo
SHIOTA Yoshinori,Male,Japan,Water Polo
KAWAI Mayo,Female,Japan,Artistic Swimming
KASHIMA Tomoyo,Female,Japan,Artistic Swimming
NAKAJIMA Takako,Female,Japan,Artistic Swimming
KAPADZE Timur,Male,Uzbekistan,Football
CHIGODAEV Sergey,Male,Uzbekistan,Football
GILLE Guillaume,Male,France,Handball
MATHE Erick,Male,France,Handball
ALONSO TAPIA Rosendo,Male,France,Taekwondo
ALONSO TAPIA Gulsah,Female,France,Taekwondo
JUNG Woomin,Male,France,Taekwondo
WILLE Jonas,Male,Norway,Handball
EGE Steinar,Male,Norway,Handball
BOQUIST Martin,Male,Norway,Handball
OLSSON Mats,Male,Norway,Handball
HERGEIRSSON Thorir,Male,Norway,Handball
LARSEN Tonje,Female,Norway,Handball
JOERGENSEN Michael,Male,Norway,Taekwondo
DRASOCZKY Imre,Male,Hungary,Artistic Gymnastics
BRUUN Michael,Male,Denmark,Handball
JOERGENSEN Lars,Male,Denmark,Handball
KRONBORG Henrik,Male,Denmark,Handball
JACOBSEN Nikolaj,Male,Denmark,Handball
JENSEN Jesper,Male,Denmark,Handball
SOYEZ Frederic,Male,France,Hockey
SALA Ramon,Male,France,Hockey
LOMBI Jorge,Male,France,Hockey
SZUCS Robert,Male,Hungary,Artistic Gymnastics
TRENKA Janos,Male,Hungary,Artistic Gymnastics
HARVEY Mike,Male,Great Britain,Taekwondo
MAIZEROI Torann,Male,Great Britain,Taekwondo
MILLER Nelson,Male,Great Britain,Taekwondo
STAMPER Martin,Male,Great Britain,Taekwondo
POLJAKOVA Shanna,Female,Germany,Artistic Gymnastics
BELENKI Valeri,Male,Germany,Artistic Gymnastics
CATANOIU Grigore,Male,Germany,Artistic Gymnastics
BRYLOK Hubert,Male,Germany,Artistic Gymnastics
TEMME Kay,Male,Germany,Artistic Gymnastics
PFEFFER Camilla,Female,Germany,Rhythmic Gymnastics
RASKINA Yuliya,Female,Germany,Rhythmic Gymnastics
CAMICIOTTI Giacomo,Male,Germany,Artistic Gymnastics
DUNAVSKA MINEKOVA Kameliya,Female,Germany,Rhythmic Gymnastics
PARECKI Antoni Jerzy,Male,Japan,Handball
SNYMAN Philip,Male,South Africa,Rugby Sevens
LUCKAN Ghafoer,Male,South Africa,Rugby Sevens
GONZALEZ NUNEZ Arlen,Male,Cuba,Taekwondo
SHARABI Yechiam,Male,Israel,Taekwondo
BLECHER SIDOROVA Svetlana,Female,Israel,Artistic Swimming
ABDELRAHMAN Osama,Male,Egypt,Taekwondo
YOUSSEF Mohamed,Male,Egypt,Taekwondo
ZAITSEVA Olesia,Female,Ukraine,Artistic Swimming
SARTYNSKYI Gennadii,Male,Ukraine,Artistic Gymnastics
GORBACHEVA Iryna,Female,Ukraine,Artistic Gymnastics
KAIUKOVA Iuliia,Female,Ukraine,Artistic Gymnastics
DERYUGINA Iryna,Female,Ukraine,Rhythmic Gymnastics
BLOKHINA Iryna,Female,Ukraine,Rhythmic Gymnastics
KARDASH Maryna,Female,Ukraine,Rhythmic Gymnastics
VASYLIEVA Marharyta,Female,Ukraine,Rhythmic Gymnastics
KHOLOD Maryna,Female,New Zealand,Artistic Swimming
RA Sanghyun,Male,Fiji,Taekwondo
KIM Hyou Mi,Female,Korea,Artistic Swimming
ROSILLO ATENCIA Jose Antonio,Male,Norway,Taekwondo
LAI Yawen,Female,China,Volleyball
HERBERT Gordie,Male,Germany,Basketball
THOMAIDIS Lisa,Female,Germany,Basketball
PARSONS Sidney,Female,Germany,Basketball
MEADOWS Clarissa,Female,Germany,Basketball
THUSS Anne,Female,Germany,Basketball
PERWAS Klaus,Male,Germany,Basketball
BRIELMEIER Bret,Male,Germany,Basketball
HERBERT Daniel,Male,Germany,Basketball
REVINGTON Paul,Male,Great Britain,Hockey
BROWNE Kwan,Male,Great Britain,Hockey
GLYNN Katie,Female,Great Britain,Hockey
HICKMAN Mark,Male,Great Britain,Hockey
PAUL Jody,Male,Great Britain,Hockey
RALPH David,Male,Great Britain,Hockey
SIEBEN Craig,Male,Great Britain,Hockey
GRESKOWIAK Arne,Male,Germany,Basketball
HOLGUIN Ramon,Male,Dominican Republic,Artistic Gymnastics
WUDTKE Erik,Male,Germany,Handball
BEPPLER Jochen,Male,Germany,Handball
ANDERSSON Mattias,Male,Germany,Handball
GISLASON Alfred,Male,Germany,Handball
GAUGISCH Markus,Male,Germany,Handball
JANKOVIC Jasmina,Female,Germany,Handball
HENRY Thierry,Male,France,Football
BATICLE Gerald,Male,France,Football
CLICHY Gael,Male,France,Football
JANOT Jeremie,Male,France,Football
PEREIRA BRAVO Joao,Male,Canada,Volleyball
SAMMELVUO Tuomas,Male,Canada,Volleyball
HAWKINS Michael,Male,Canada,Volleyball
ZHENG Wei,Female,China,Basketball
JIA Nan,Male,China,Basketball
PARK Myungsoo,Male,China,Basketball
RUPEREZ Cesar,Male,China,Basketball
USUI Tomohiro,Male,Japan,Basketball
KONNO Kakeru,Male,Japan,Basketball
SUZUKI Yoshikazu,Male,Japan,Basketball
ONZUKA Toru,Male,Japan,Basketball
SASSA Norio,Male,Japan,Basketball
GAINES Corey,Male,Japan,Basketball
HOVASSE Tom,Male,Japan,Basketball
KATSUHISA Geoffrey,Male,Japan,Basketball
CHOI Chatchai,Male,Thailand,Taekwondo
SONKHAM Chanatip,Female,Thailand,Taekwondo
RUSEK Pawel,Male,Poland,Volleyball
GRBIC Nikola,Male,Poland,Volleyball
SWACZYNA Adam,Male,Poland,Volleyball
MATOSEVIC Valter,Male,Croatia,Handball
SIGURDSSON Dagur,Male,Croatia,Handball
SPOLJARIC Denis,Male,Croatia,Handball
DUPUIS Kevin,Male,France,Artistic Gymnastics
GEORGE Martine,Female,France,Artistic Gymnastics
POTAPENKO Valentin,Male,France,Artistic Gymnastics
HAGARD Monique,Female,France,Artistic Gymnastics
BARANOVA VOLCHETSKAYA Anna,Female,France,Rhythmic Gymnastics
BAYON Sara,Female,France,Rhythmic Gymnastics
GUILLIERE Katia,Female,France,Rhythmic Gymnastics
MILAN Gregory,Male,France,Rhythmic Gymnastics
ABDELFATTAH Aziza,Female,Egypt,Artistic Swimming
MOHAMED Mai,Female,Egypt,Artistic Swimming
LATIF Yasmine,Female,Egypt,Artistic Swimming
FABRE Julie,Female,France,Artistic Swimming
OBRY Laure,Female,France,Artistic Swimming
ANNEQUIN Marie,Female,France,Artistic Swimming
ANGILLIS Pascal,Male,Belgium,Basketball
KAISER Pierre-Yves,Male,Belgium,Basketball
LORENT Jill,Female,Belgium,Basketball
de SCHEPPER Bram,Male,Belgium,Artistic Gymnastics
DECKX Stefan,Male,Belgium,Artistic Gymnastics
RECKINGER Xavier,Male,Belgium,Hockey
JEONG Eul Jin,Male,Korea,Taekwondo
KANG Bo Hyeon,Female,Korea,Taekwondo
LEE Dongchul,Male,Korea,Taekwondo
OH Hyeri,Female,Korea,Taekwondo
SON Hyo Bong,Male,Korea,Taekwondo
BEAGLEY Michael,Male,Great Britain,Artistic Gymnastics
CLAY Jenny,Female,Great Britain,Artistic Gymnastics
COLLIE Barry,Male,Great Britain,Artistic Gymnastics
HALL Paul,Male,Great Britain,Artistic Gymnastics
HANN Scott,Male,Great Britain,Artistic Gymnastics
HOWELLS Ben,Male,Great Britain,Artistic Gymnastics
INCE Brett,Male,Great Britain,Artistic Gymnastics
KENWRIGHT David,Male,Great Britain,Artistic Gymnastics
RICHARDSON Joshua,Male,Great Britain,Artistic Gymnastics
RICHARDSON Molly,Female,Great Britain,Artistic Gymnastics
TRANDABURU Ionut,Male,Great Britain,Artistic Gymnastics
JANKOVSKY Viktor,Male,Czechia,Taekwondo
ZHEREBCHEVSKYI Anton,Male,Czechia,Taekwondo
HYBRANT Bohuslav,Male,Czechia,Taekwondo
FOULARD Gael,Male,France,Hockey
JAQUET Nicolas,Male,France,Hockey
LORANTOS Theodoros,Male,France,Water Polo
DERENTY Lorene,Female,France,Water Polo
BRUZZO Florian,Male,France,Water Polo
KOBESCAK Vjekoslav,Male,France,Water Polo
MENDEZ Marcelo,Male,Argentina,Volleyball
LOPEZ Martin,Male,Argentina,Volleyball
RICO GOLBA Pablo,Male,Argentina,Volleyball
ALVAREZ Jorge,Male,Argentina,Taekwondo
ARROYO Gavin,Male,United States,Water Polo
UDOVICIC Dejan,Male,United States,Water Polo
USTASZEWSKI Matt,Male,United States,Water Polo
CAHILL Molly,Female,United States,Water Polo
KRIKORIAN Adam,Male,United States,Water Polo
OEDING Chris,Male,United States,Water Polo
AMADOU Soumaila,Male,Niger,Taekwondo
KWIEK Marcos,Male,Dominican Republic,Volleyball
ROCHA PACHECO Wagner,Male,Dominican Republic,Volleyball
YAMAMOTO Hayato,Male,Japan,Rugby Sevens
AMOR Simon Daniel Edward,Male,Japan,Rugby Sevens
SUZUKI Takashi,Male,Japan,Rugby Sevens
SAKATA Takahiro,Male,Japan,Rugby Sevens
UMEDA Koichi,Male,Japan,Rugby Sevens
KANEMATSU Yuka,Female,Japan,Rugby Sevens
SANCHEZ DURAN Wilson,Male,Dominican Republic,Volleyball
ZHANG Xiaohuan,Female,China,Artistic Swimming
WANG Jiuli,Female,China,Artistic Swimming
HE Xiaochu,Female,China,Artistic Swimming
SHEN Yingsha,Female,China,Artistic Swimming
TARRES CAMPA Ana,Female,China,Artistic Swimming
ZHAO Dantong,Female,China,Artistic Swimming
BUGDAEV Kurban,Male,Saudi Arabia,Taekwondo
ASMOLOV Natalia,Female,Israel,Rhythmic Gymnastics
MAYRIN Ida,Female,Israel,Rhythmic Gymnastics
SZUCS Krisztian,Male,Hungary,Taekwondo
STSIAPANAVA Natalia,Female,Israel,Rhythmic Gymnastics
VAISBURG Sergei,Male,Israel,Artistic Gymnastics
KLEFNER BEN SHIMOL Moran,Female,Israel,Artistic Gymnastics
ELNAFRAWY Mohamed,Male,Egypt,Volleyball
BEN JABALLAH Maaouia,Male,Tunisia,Archery
GUAN Jianmin,Male,China,Taekwondo
KIM Young Jin,Male,China,Taekwondo
KONG Fantao,Female,China,Taekwondo
ZUSSMAN Ayelet,Female,Israel,Rhythmic Gymnastics
SAMOFALOV Ela,Female,Israel,Rhythmic Gymnastics
ARZA Carlos Vivier,Male,Angola,Handball
CATITO Nelson,Male,Angola,Handball
CAI Bin,Male,China,Volleyball
LI Yanlong,Male,China,Volleyball
YUAN Zhi,Male,China,Volleyball
HYTTEL Tobias,Male,Denmark,Taekwondo
SETTA Tarik,Male,Denmark,Taekwondo
ACHARKI Aziz,Male,Denmark,Taekwondo
TUCAK Ivica,Male,Croatia,Water Polo
POSINKOVIC Renco,Male,Croatia,Water Polo
MARELJA Jure,Male,Croatia,Water Polo
COURTEIX David,Male,France,Rugby Sevens
IGARZA Germain,Male,France,Rugby Sevens
COULIBALY Abdoulaye,Male,Mali,Football
DIALLO Badara Alou,Male,Mali,Football
DUNPHY Marv,Male,United States,Volleyball
KIRALY Karch,Male,United States,Volleyball
MIYASHIRO Tama,Female,United States,Volleyball
REFT Alfee,Male,United States,Volleyball
VIRTUE Erin,Female,United States,Volleyball
BROWN Gareth,Male,United States,Taekwondo
FUERBRINGER Matt,Male,United States,Volleyball
SPERAW John,Male,United States,Volleyball
WEBER Javi,Male,United States,Volleyball
WALL Mike,Male,United States,Volleyball
TOKUMOTO Yukito,Male,Japan,Volleyball
BLAIN Philippe,Male,Japan,Volleyball
FUKATSU Takayuki,Male,Japan,Volleyball
ITOH Kenji,Male,Japan,Volleyball
MANABE Masayoshi,Male,Japan,Volleyball
KAWAKITA Gen,Male,Japan,Volleyball
REZA Surian,Male,New Zealand,Artistic Gymnastics
CHEN Wei,Male,China,Artistic Gymnastics
HE Hua,Female,China,Artistic Gymnastics
JIN Weiguo,Male,China,Artistic Gymnastics
LI Dezhi,Male,China,Artistic Gymnastics
LIU Jinyu,Male,China,Artistic Gymnastics
LIU Tao,Male,China,Artistic Gymnastics
LU le,Male,China,Artistic Gymnastics
SUN Ping,Female,China,Artistic Gymnastics
TENG Haibin,Male,China,Artistic Gymnastics
WANG Liming,Male,China,Artistic Gymnastics
XU Jinglei,Female,China,Artistic Gymnastics
ZHANG Haiyan,Female,China,Artistic Gymnastics
ZHENG Hao,Male,China,Artistic Gymnastics
YE Sheng,Male,China,Artistic Gymnastics
SOTOMURA Kazutoshi,Male,Japan,Artistic Gymnastics
SHINTAKU Yuya,Male,Japan,Artistic Gymnastics
TOYOSHIMA Risa,Female,Japan,Artistic Gymnastics
TANAKA Hikaru,Male,Japan,Artistic Gymnastics
SATO Hiroaki,Male,Japan,Artistic Gymnastics
SAITO Yoshihiro,Male,Japan,Artistic Gymnastics
JUN Jung Hooi,Male,Tajikistan,Taekwondo
LIKHADZIYEUSKI Anatoli,Male,AIN,Taekwondo
ANTONYAN Sahak,Male,Armenia,Artistic Gymnastics
BERZHETS Viachaslau,Male,AIN,Taekwondo
NAZARYAN Hayk,Male,Armenia,Artistic Gymnastics
OGANESIANTC Avetis,Male,AIN,Taekwondo
de GIORGI Ferdinando,Male,Italy,Volleyball
CAPONERI Massimo,Male,Italy,Volleyball
GIOLITO Nicola,Male,Italy,Volleyball
VELASCO Julio,Male,Italy,Volleyball
BARBOLINI Massimo,Male,Italy,Volleyball
BERNARDI Lorenzo,Male,Italy,Volleyball
van DAMME Koen,Male,Belgium,Artistic Gymnastics
DUGONJIC Ivo Martin,Male,Uruguay,Rugby Sevens
PUIG CARPANETO Gabriel,Male,Uruguay,Rugby Sevens
PRUNSKAS Algimantas,Male,Lithuania,Artistic Gymnastics
CAMPAGNA Alessandro,Male,Italy,Water Polo
SILIPO Carlo,Male,Italy,Water Polo
FARINELLI Roberta,Female,Italy,Artistic Swimming
POMILIO Amedeo,Male,Italy,Water Polo
GIALLOMBARDO Patrizia,Female,Italy,Artistic Swimming
di CECCA Cosimino,Male,Italy,Water Polo
JANECKOVA Katerina,Female,Czechia,Artistic Gymnastics
LEAL COLMENAREZ Mario,Male,Venezuela,Taekwondo
MOHAMMED Aisha,Female,Nigeria,Basketball
GARCIA CABRERA David,Male,Puerto Rico,Basketball
DELANEY Mike,Male,New Zealand,Hockey
McALEESE Shea,Male,New Zealand,Hockey
CLARK Gregg,Male,New Zealand,Hockey
NICOL Greg,Male,New Zealand,Hockey
MACKINTOSH Euan,Male,New Zealand,Rugby Sevens
SWEENEY Cory,Male,New Zealand,Rugby Sevens
GIBBS Rodney,Male,New Zealand,Rugby Sevens
COCKER Edwin,Male,New Zealand,Rugby Sevens
CAMA Tomasi,Male,New Zealand,Rugby Sevens
ROSS Stu,Male,New Zealand,Rugby Sevens
MURPHY Amanda,Female,New Zealand,Rugby Sevens
McMASTER Travis,Male,New Zealand,Rugby Sevens
ANNAN Alyson Regina,Female,China,Hockey
LU Zhuan,Male,China,Rugby Sevens
PASQUALETTI Massimo,Male,China,Rugby Sevens
GOMEZ AGUERA Salvador Emilio,Male,China,Water Polo
JANE GIRALT Juan,Male,China,Water Polo
WU Zhiyu,Male,China,Water Polo
QU Tao,Female,China,Rhythmic Gymnastics
SUN Dan,Female,China,Rhythmic Gymnastics
XU Yanshu,Female,China,Rhythmic Gymnastics
BLIZNYUK Anastasia,Female,China,Rhythmic Gymnastics
LARHOLM Erik Jonas,Male,Korea,Handball
RADIC Vanja,Female,Korea,Handball
SIGNELL Kurt Henrik,Male,Korea,Handball
AGAFONTSEV Sergiy,Male,"Hong Kong, China",Artistic Gymnastics
KRCE Lucijan,Male,Croatia,Artistic Gymnastics
MADAREVIC Vladimir,Male,Croatia,Artistic Gymnastics
MWAPE Bruce,Male,Zambia,Football
LAVARINI Stefano,Male,Poland,Volleyball
VETTORI Nicola,Male,Poland,Volleyball
PACHLINSKI Krystian,Male,Poland,Volleyball
SUFA Bartosz,Male,Poland,Volleyball
NTHALA Charity,Female,Zambia,Football
KOHLOFFEL Markus,Male,EOR,Taekwondo
ZAREEI SHAMSABADI Manni,Male,EOR,Taekwondo
SABAH Asif,Male,EOR,Taekwondo
YUSSUPOVA Aliya,Female,Kazakhstan,Rhythmic Gymnastics
DUISENGALIYEVA Danissa,Female,Kazakhstan,Rhythmic Gymnastics
NOLANO Claudio,Male,Italy,Taekwondo
ALFARO RODRIGUEZ Santiago,Male,Uruguay,Rugby Sevens
LEE KIM Daniel,Male,Uruguay,Taekwondo
RENARD Herve,Male,France,Football
BONADEI Laurent,Male,France,Football
BLAHIC Eric,Male,France,Football
FOUACHE Gilles,Male,France,Football
MAMAYEV Nursultan,Male,Kazakhstan,Taekwondo
KIM Kwangsu,Male,Kazakhstan,Taekwondo
BESBAYEV Olzhas,Male,Kazakhstan,Taekwondo
SAGYNAYEV Kanat,Male,Kazakhstan,Taekwondo
DOBLER Mauro,Male,Argentina,Football
ECHEVERRY Alex,Male,Colombia,Football
PHIRI Yona,Male,Zambia,Football
GRAND'PIERRE Naomy Hope,Female,Haiti,Artistic Gymnastics
LAMBDIN Stephen,Male,United States,Taekwondo
ABARCA Megan,Female,United States,Artistic Swimming
MWILA Florence,Female,Zambia,Football
ELFAKHARANY Hany,Male,Egypt,Handball
SIERRA MENDEZ Jose Manuel,Male,Egypt,Handball
PASTOR GOMEZ Juan Carlos,Male,Egypt,Handball
VATKIN Vladimir,Male,Kazakhstan,Artistic Gymnastics
KURBANOV Khussanzhan,Male,Kazakhstan,Artistic Gymnastics
KENESSOV Sapargali,Male,Kazakhstan,Artistic Gymnastics
ALMAAZMI Abdalla,Male,Palestine,Taekwondo
RODRIGUEZ VAQUERO Jose Maria,Male,Hungary,Handball
VELASCO ENCINAS Miguel Angel,Male,Hungary,Handball
ZOLGHADRI Farzad,Male,Bulgaria,Taekwondo
GOLOVIN Vlagyimir Alekszandrovics,Male,Hungary,Handball
PIGNICZKI Krisztina,Female,Hungary,Handball
MASCHERANO Javier,Male,Argentina,Football
MARSIGLIA Angelo,Male,Colombia,Football
RODRIGUEZ Lucas,Male,Argentina,Football
STILLITANO Leandro,Male,Argentina,Football
AGUILAR ESTRADA Eduardo,Male,Spain,Hockey
CALDAS Maximiliano,Male,Spain,Hockey
GARCIA CUENCA Carlos,Male,Spain,Hockey
GAVILAN MORAL Diego Manuel,Male,Spain,Hockey
GUTIERREZ ZULAICA Lorena,Female,Spain,Hockey
IGLESIAS BILBAO Alejandro,Male,Spain,Hockey
JARO MOLINA Rafael,Male,Spain,Hockey
LAZARO REINA Jordi,Male,Spain,Hockey
MOVELLAN de la MAZA Borja,Male,Spain,Hockey
PALOMERO MARTIN Oscar,Male,Spain,Hockey
PEREZ Carlos,Male,Colombia,Football
CANTWELL Lynne,Female,South Africa,Rugby Sevens
DAZEL Renfred,Male,South Africa,Rugby Sevens
MOLOPYANE Obakeng,Male,South Africa,Rugby Sevens
PARKER Naasier,Male,South Africa,Rugby Sevens
AFRIKA Cecil,Male,South Africa,Rugby Sevens
WAKAMA Rena,Female,Nigeria,Basketball
OLAJUWON Alon,Female,Nigeria,Basketball
FUENTES Andrea,Female,United States,Artistic Swimming
TEIXEIRA Lara,Female,United States,Artistic Swimming
RUIZ CASAS Jairo,Male,Colombia,Artistic Gymnastics
LIM Alison,Female,Colombia,Artistic Gymnastics
ALONSO CALVO Adria,Male,Spain,Artistic Gymnastics
BANGO MELCON Benjamin,Male,Spain,Artistic Gymnastics
BOTELLA PEREZ de LANDAZAB Isaac,Male,Spain,Artistic Gymnastics
CARRASCAL RUBIO Alvaro,Male,Spain,Artistic Gymnastics
CASIMIRO ROS Javier,Male,Spain,Artistic Gymnastics
GUISADO MUNOZ Lucia,Female,Spain,Artistic Gymnastics
MARTINEZ SANCHEZ Manuel Angel,Male,Spain,Artistic Gymnastics
MIR HOMAR Pedro,Male,Spain,Artistic Gymnastics
RUEDA BRAVO Eva,Female,Spain,Artistic Gymnastics
SAN JOSE CRISTOBAL Almudena,Female,Spain,Artistic Gymnastics
BROWN LOPEZ Dagmara,Female,Spain,Rhythmic Gymnastics
FERRANDEZ ARENAS Monica,Female,Spain,Rhythmic Gymnastics
GARCIA GARCES Maria,Female,Spain,Rhythmic Gymnastics
LINARES GARCIA Marta,Female,Spain,Rhythmic Gymnastics
MALCHAIR SELECQUE Caroline Martine,Female,Spain,Rhythmic Gymnastics
PELAZ MOTA Ana,Female,Spain,Rhythmic Gymnastics
QUEREDA FLORES Alejandra,Female,Spain,Rhythmic Gymnastics
KASSMAN Edward,Male,Papua New Guinea,Taekwondo
PABLO Jose,Male,Angola,Handball
FERREIRINHA Jose,Male,Portugal,Artistic Gymnastics
CAPORN Adam,Male,Australia,Basketball
GOORJIAN Brian,Male,Australia,Basketball
CHAMBERS Cheryl,Female,Australia,Basketball
PATRICK David,Male,Australia,Basketball
NIELSEN Matt,Male,Australia,Basketball
GORISS Paul,Male,Australia,Basketball
CARROLL Ryan,Male,Australia,Basketball
BRONDELLO Sandy,Female,Australia,Basketball
SEEBHOM Shannon,Male,Australia,Basketball
PYSMENNA Oksana,Female,Korea,Artistic Swimming
CHOI Jungyeol,Male,Korea,Artistic Gymnastics
KIM Daeeun,Male,Korea,Artistic Gymnastics
KIM Jihoon,Male,Korea,Artistic Gymnastics
LEE Sunsung,Male,Korea,Artistic Gymnastics
MIN Ayoung,Female,Korea,Artistic Gymnastics
CSEH Sandor Viktor,Male,Hungary,Water Polo
MUNALA Japheth,Male,Kenya,Volleyball
BARASA James,Male,Kenya,Volleyball
MIHOK Attila,Male,Hungary,Water Polo
TORTOSA Hugo,Male,Lesotho,Taekwondo
TOPARI Yusuf,Male,Australia,Artistic Gymnastics
MITCHELL Katie,Female,Australia,Rhythmic Gymnastics
BARABACH Mikhail,Male,Australia,Artistic Gymnastics
WILSON Sean,Male,Australia,Artistic Gymnastics
BELAN Tatsiana,Female,Australia,Rhythmic Gymnastics
LI Xiaoqing,Female,Australia,Artistic Gymnastics
DOUMBIA Bounafou,Male,Mali,Football
BARRETO Diego,Male,Paraguay,Football
DENIA Santi,Male,Spain,Football
GORDO David,Male,Spain,Football
MARTINEZ Ruben,Male,Spain,Football
ZIMMERMANN Matthieu,Male,Belgium,Artistic Gymnastics
EHREN Raoul,Male,Belgium,Hockey
McLEOD Shane,Male,Belgium,Hockey
GAMBLUCH Leonardo,Male,Belgium,Taekwondo
VARGA Zsolt,Male,Hungary,Water Polo
UGLESSICH Mariano,Male,Paraguay,Football
HAYES Emma,Female,United States,Football
REDDY Denise,Female,United States,Football
SEARLE Stuart,Male,United States,Football
JARA SAGUIER Carlos,Male,Paraguay,Football
COVELO Alex,Male,United States,Football
MITROVIC Marko,Male,United States,Football
PAYNE Russell,Male,United States,Football
SEGARES Gonzalo,Male,United States,Football
MAYNE Michael,Male,New Zealand,Football
REED Duncan,Male,New Zealand,Football
BAZELEY Darren,Male,New Zealand,Football
GOTHARD Paul,Male,New Zealand,Football
READINGS Tony,Male,New Zealand,Football
ELLIOTT Simon,Male,New Zealand,Football
SARVER Keri,Female,New Zealand,Football
POTTER Anthony,Male,Australia,Hockey
BATCH Colin,Male,Australia,Hockey
STANIFORTH Dave,Male,Australia,Hockey
MURRAY Emma,Female,Australia,Hockey
PURVIS Hugh,Male,Australia,Hockey
DAVY Jeremy,Male,Australia,Hockey
POWELL Katrina,Female,Australia,Hockey
HAMMOND Rob,Male,Australia,Hockey
LU Xiaohui,Male,China,Rugby Sevens
ZHU Jiangtao,Male,China,Rugby Sevens
MA Chong,Male,China,Rugby Sevens
ZHU Jing,Male,China,Rugby Sevens
CARNELI Ryan,Male,Australia,Taekwondo
LEE Seokhun,Male,Australia,Taekwondo
MACCARANI Emanuela,Female,Italy,Rhythmic Gymnastics
ROVETTA Valentina,Female,Italy,Rhythmic Gymnastics
MANCINELLI Claudia,Female,Italy,Rhythmic Gymnastics
ABDULLAYEV Mammad,Male,Azerbaijan,Taekwondo
RADONIC Vesna,Female,Montenegro,Rhythmic Gymnastics
YANITSAS Andrew,Male,Australia,Water Polo
DENIS Eddie,Male,Australia,Water Polo
RIPPON Bec,Female,Australia,Water Polo
WOODS Taryn,Female,Australia,Water Polo
HAMILL Tim,Male,Australia,Water Polo
SULTANOV Yesbol,Male,Tunisia,Taekwondo
HECHMI Jendoubi,Male,Tunisia,Taekwondo
MARTIN CEDRES Ambrosio Jose,Male,Spain,Handball
MONTES AGUERA Cesar Jesus,Male,Spain,Handball
PRADES PONS Jose Ignacio,Male,Spain,Handball
RIBERA ROMANS Jordi,Male,Spain,Handball
JAKOVLJEVIC Nenad,Male,Serbia,Basketball
KOSTIC Oliver,Male,Serbia,Basketball
MARINOVIC Marko,Male,Serbia,Basketball
PESIC Svetislav,Male,Serbia,Basketball
STOJAKOVIC Ognjen,Male,Serbia,Basketball
SEKULIC Marko,Male,Serbia,Basketball
BUTULIJA Dajana,Female,Serbia,Basketball
DRLJACA Ljubica,Female,Serbia,Basketball
MALJKOVIC Marina,Female,Serbia,Basketball
PAGE Danielle Nicole,Female,Serbia,Basketball
BEATTIE Ciaran,Male,Great Britain,Rugby Sevens
NOLAN James,Male,Great Britain,Rugby Sevens
PUGH Richie,Male,Great Britain,Rugby Sevens
RIDDELL Scott,Male,Great Britain,Rugby Sevens
ROQUES Tony,Male,Great Britain,Rugby Sevens
JANIC Bojan,Male,Serbia,Volleyball
JEVTIC Ivica,Male,Serbia,Volleyball
KOLAKOVIC Igor,Male,Serbia,Volleyball
MAJSTOROVIC Neven,Male,Serbia,Volleyball
BUTARBUTAR Eva,Female,Indonesia,Artistic Gymnastics
BLAGOJEVIC Jelena,Female,Serbia,Volleyball
GUIDETTI Giovanni,Male,Serbia,Volleyball
TUDELA PERRET Matias,Male,Spain,Rugby Sevens
HERNANDEZ JIMENEZ Francisco de Pau.,Male,Spain,Rugby Sevens
KOCH Ulla,Female,Belgium,Artistic Gymnastics
van den HEUVEL Michel,Male,Belgium,Hockey
MALDONADO Oscar,Male,Dominican Republic,Taekwondo
MATEO BATISTA Ruddy,Male,Dominican Republic,Taekwondo
LAACHRAOUI Mourad,Male,Belgium,Taekwondo
MEZIANE Rachid,Male,Belgium,Basketball
BARTON Emilee,Female,Australia,Rugby Sevens
STANNARD James,Male,Australia,Rugby Sevens
MANENTI John,Male,Australia,Rugby Sevens
WALSH Timothy,Male,Australia,Rugby Sevens
BYDWELL Emilie,Female,United States,Rugby Sevens
TEST Zack,Male,United States,Rugby Sevens
FORD Trey,Male,United States,Rugby Sevens
FRIDAY Mike,Male,United States,Rugby Sevens
GREENING Phil,Male,United States,Rugby Sevens
FERREIRA Marcel,Male,Brazil,Artistic Swimming
KARFUNKELSTEIN Rogerio,Male,Brazil,Artistic Swimming
SPLITTER Tiago,Male,Brazil,Basketball
HAMANO Yukiya,Male,Japan,Football
HANEDA Kenji,Male,Japan,Football
OIWA Go,Male,Japan,Football
CUNHA Thiago,Male,Egypt,Football
ALBINO Cristiano,Male,Brazil,Artistic Gymnastics
BISCALCHIN Daniel,Male,Brazil,Artistic Gymnastics
PORATH Francisco,Male,Brazil,Artistic Gymnastics
YASHENKO Iryna,Female,Brazil,Artistic Gymnastics
ROSA Bruna,Female,Brazil,Rhythmic Gymnastics
FEREZIN Camila,Female,Brazil,Rhythmic Gymnastics
NAVES Marcia,Female,Brazil,Rhythmic Gymnastics
PEREIRA Alexandro,Male,Brazil,Rhythmic Gymnastics
FIGUEIREDO Tatiana,Female,Brazil,Rhythmic Gymnastics
FUCHS Tracey,Female,United States,Hockey
PASSMORE David,Male,United States,Hockey
TELECHEA Javi,Male,United States,Hockey
MATHEUS Carlos,Male,Brazil,Artistic Swimming
DOMINGUES Felipe,Male,Brazil,Artistic Swimming
POSSENTI Fernando,Male,Brazil,Artistic Swimming
ONHA MARQUES Sergio,Male,Brazil,Artistic Swimming
FEW Mark,Male,United States,Basketball
KERR Steve,Male,United States,Basketball
LUE Tyronn,Male,United States,Basketball
SPOELSTRA Erik,Male,United States,Basketball
LAWSON Kara,Female,United States,Basketball
MILLER Curt,Male,United States,Basketball
REEVE Cheryl,Female,United States,Basketball
TAYLOR Joni,Female,United States,Basketball
THIBAULT Mike,Male,United States,Basketball
WRIGHT Tanisha,Female,United States,Basketball
KOLINISAU Ratu Osea,Male,Fiji,Rugby Sevens
ARENHART ALVES Ismael,Male,Brazil,Rugby Sevens
BRODERICK William,Male,Brazil,Rugby Sevens
FERRER Alexander,Male,Brazil,Artistic Swimming
dos SANTOS Clayton,Male,Brazil,Taekwondo
RIBEIRO Diego,Male,Brazil,Taekwondo
NAMAUA Tikiko,Male,Fiji,Rugby Sevens
KLAMBURG ROQUE Paula,Female,Australia,Artistic Swimming
ONO Shoko,Female,Australia,Artistic Swimming
SOARES Mateus Joao Felgueiras,Male,Timor-Leste,Taekwondo
LUZON Guy,Male,Israel,Football
CHOEN Haim,Male,Israel,Football
BUTALA-KOVACIC Petra,Female,Serbia,Taekwondo
JOVIC Dragan,Male,Serbia,Taekwondo
SAVICEVIC Veljko,Male,Serbia,Taekwondo
BUCHNIK Victor,Male,Israel,Football
BILIC Darko,Male,Serbia,Water Polo
CIRIC Stefan,Male,Serbia,Water Polo
STEVANOVIC Uros,Male,Serbia,Water Polo
TAAFFE Robert,Male,Ireland,Taekwondo
NSILU DILANDU Leroy,Male,Ireland,Taekwondo
EFTIMOV Aleksandar,Male,North Macedonia,Taekwondo
ADEL MOSTAFA,Male,Egypt,Football
FUJIKI Mayuko,Female,Spain,Artistic Swimming
JIMENEZ NIETO Cecilia,Female,Spain,Artistic Swimming
REQUENA PERICAS Judit,Female,Spain,Artistic Swimming
VEGA HERRERO Anna,Female,Spain,Artistic Swimming
ANDREO GABAN Angel Luis,Male,Spain,Water Polo
APARICIO SUNEN Antonio Francisco,Male,Spain,Water Polo
IVANOV PIRALKOV Svilen,Male,Spain,Water Polo
MARTIN LOZANO David,Male,Spain,Water Polo
OCA GAIA Miguel Angel,Male,Spain,Water Polo
VALLS NART Jordi,Male,Spain,Water Polo
KERTESZNE BORKAI Anita,Female,Hungary,Artistic Gymnastics
CAMPODONICO Marco,Male,Italy,Artistic Gymnastics
CASELLA Enrico,Male,Italy,Artistic Gymnastics
ZHOU Tianke,Female,Lao PDR,Rhythmic Gymnastics
ALLER CARBALLO Manuel Angel,Male,Spain,Basketball
CAMPS SAN JOSE Salvador,Male,Spain,Basketball
FERNANDEZ TARGARONA Isaac,Male,Spain,Basketball
GARCIA GUADARRAMA Victor Jesus,Male,Spain,Basketball
GUIL Luis,Male,Spain,Basketball
MENDEZ Miguel,Male,Spain,Basketball
REY Luis,Male,Spain,Basketball
PRADO BRANAS Joaquin,Male,Spain,Basketball
SANCHEZ CANETE CALVO Angel Luis,Male,Spain,Basketball
SCARIOLO Sergio,Male,Spain,Basketball
URIETA GUTIERREZ Madelen,Female,Spain,Basketball
CAREY Brian,Male,United States,Artistic Gymnastics
LANDI Cecile,Female,United States,Artistic Gymnastics
BRECKENRIDGE Grant,Male,United States,Artistic Gymnastics
SUN Sonia,Female,United States,Artistic Gymnastics
GRABA Jess,Male,United States,Artistic Gymnastics
GAARENSTROOM Jordan,Male,United States,Artistic Gymnastics
LANDI Laurent,Male,United States,Artistic Gymnastics
KLIMOUK Natalia,Female,United States,Rhythmic Gymnastics
CAESAR Syque,Male,United States,Artistic Gymnastics
MIKULAK Sam,Male,United States,Artistic Gymnastics
LIUKIN Valeri,Male,United States,Artistic Gymnastics
BARRIEAU Jocelyn,Female,Canada,Rugby Sevens
HANRATTY Jack,Male,Canada,Rugby Sevens
MONAGHAN Iain,Male,Canada,Rugby Sevens
JOYCE Jenn,Female,Canada,Rugby Sevens
KONE Thierry,Male,Côte d'Ivoire,Taekwondo
VOLAVOLA Timoci,Male,Fiji,Rugby Sevens
TUIFUA Tevita,Male,Tonga,Rugby Sevens
OTUMULI Mavae,Male,Tonga,Rugby Sevens
VAIANGINA Ekitino,Male,Tonga,Rugby Sevens
LIUTAI Malika,Male,Tonga,Rugby Sevens
FULI Saiasi,Male,Fiji,Rugby Sevens
TOPPING James,Male,Ireland,Rugby Sevens
TEMPLE-JONES Allan,Male,Ireland,Rugby Sevens
WONG Ka Wing,Male,"Hong Kong, China",Taekwondo
MICALE Rogerio,Male,Egypt,Football
LERGA Javier,Male,Spain,Football
SANCHEZ Carlos,Male,Spain,Football
TOME Montse,Female,Spain,Football
BAYER Steven,Male,Belgium,Hockey
WHITE Tim,Male,Belgium,Hockey
LOPEZ ROMERO Victor Hugo,Male,Japan,Handball
ORTEGA PEREZ Antonio Carlos,Male,Japan,Handball
ROCHA de REZENDE Bernardo,Male,Brazil,Volleyball
RIBAS Giuliano,Male,Brazil,Volleyball
LAGES GUIMARAES Jose Roberto,Male,Brazil,Volleyball
DO REGO BARROS JUNIOR Paulo,Male,Brazil,Volleyball
LEONALDO Roberley Luiz,Male,Brazil,Volleyball
TABACH Ricardo,Male,Brazil,Volleyball
COPPINI FERNANDES Wagner Luiz,Male,Brazil,Volleyball
KEET Marcelle,Female,South Africa,Hockey
BONNET Giles,Male,South Africa,Hockey
GIL Carlos,Male,Panama,Artistic Gymnastics
LAWRENCE Natalie,Female,New Zealand,Football
HERST Jen,Female,Canada,Football
MANDER Jasmine,Female,Canada,Football
PRIESTMAN Bev,Female,Canada,Football
SPENCE Andy,Male,Canada,Football
PARK Jae,Male,Canada,Taekwondo
THORNTON Daniel,Male,Canada,Taekwondo
LIMA Brian,Male,Samoa,Rugby Sevens
PARADELO David,Male,Canada,Water Polo
POSTERIVO Stefano,Male,Canada,Water Polo
CAMPBELL Cora,Female,Canada,Water Polo
IGLESIAS Rodrigo,Male,Brazil,Football
ALCANTARA Edson,Male,Brazil,Football
ELIAS Arthur,Male,Brazil,Football
LALOMILO Faamaoni,Male,Samoa,Rugby Sevens
CIRKOVIC Vedran,Male,Australia,Water Polo
CHERNETSKA Nataliya,Female,Greece,Artistic Swimming
KAMMENOU Alexia Anna,Female,Greece,Water Polo
LEMPESIS Xenofon,Male,Greece,Water Polo
PYRPYRIS Anastasios,Male,Greece,Water Polo
SCHIZAS Anastasios,Male,Greece,Water Polo
VLACHOS Theodoros,Male,Greece,Water Polo
KANTZOURIS Ilias,Male,Greece,Basketball
SPANOULIS Vasilis,Male,Greece,Basketball
RAFTIS Dimitrios,Male,Greece,Artistic Gymnastics
JENNINGS Stephen,Male,EOR,Taekwondo
FJELLSTROM Jens,Male,Australia,Football
ANDREATTA Mel,Female,Australia,Football
GUSTAVSSON Tony,Male,Australia,Football
van ECK Richard,Male,Netherlands,Water Polo
DOUDESIS Eva,Male,Netherlands,Water Polo
MOGHANLOU Bijan,Male,Egypt,Taekwondo
SICOT David Patrick,Male,Lebanon,Taekwondo
SEKTIOUI Tarik,Male,Morocco,Football
HADJI Youssouf,Male,Morocco,Football
BADAWI Ghanem,Male,Syria,Artistic Gymnastics
van der VEEN Jose,Female,Netherlands,Artistic Gymnastics
WEVERS Vincent,Male,Netherlands,Artistic Gymnastics
den UIJL Kevin,Male,Netherlands,Artistic Gymnastics
JACOBS Jeroen,Male,Netherlands,Artistic Gymnastics
KLEUSKENS Marcel,Male,Netherlands,Artistic Gymnastics
KNIBBELER Daniel,Male,Netherlands,Artistic Gymnastics
van MELDERT Dirk Jan,Male,Netherlands,Artistic Gymnastics
CLARIJS Ricardo,Male,Netherlands,Handball
JOHANSSON Per,Male,Netherlands,Handball
GOUTSEVA Anastasia,Female,Greece,Artistic Swimming
SOKOLOVA Natalia,Female,Cyprus,Rhythmic Gymnastics
OGEYINGBO Ayodeji,Male,Nigeria,Basketball
DERAEDT Laurent,Male,Morocco,Football
LESZNER Joe,Male,Canada,Archery
TICHELMAN Thomas,Male,Netherlands,Hockey
van ASS Paul,Male,Netherlands,Hockey
DELMEE Jeroen,Male,Netherlands,Hockey
VERBOOM Eric,Male,Netherlands,Hockey
ALIYEVA Kamilla,Female,Azerbaijan,Rhythmic Gymnastics
VILYAYEVA Yevgeniya,Female,Azerbaijan,Rhythmic Gymnastics
VASILEVA Siyana,Female,Azerbaijan,Rhythmic Gymnastics
GULIYEV Kamil,Male,Azerbaijan,Rhythmic Gymnastics
KARIMLI Akif,Male,Azerbaijan,Rhythmic Gymnastics
JAUMA CAYUELA Esther,Female,Netherlands,Artistic Swimming
GIE Cheslyn,Male,South Africa,Hockey
NTULI Siphesihle,Male,South Africa,Hockey
GOMEZ Ibai,Male,Dominican Republic,Football
RAMOS SANCHEZ Antonio,Male,Côte d'Ivoire,Taekwondo
AMOREBIETA Fernando,Male,Dominican Republic,Football
BRITEZ Cristhian,Male,Dominican Republic,Football
BALAN Adrian,Male,Canada,Artistic Gymnastics
COWAN Lisa,Female,Canada,Artistic Gymnastics
KIKUCHI David,Male,Canada,Artistic Gymnastics
van HOOF Ed,Male,Canada,Artistic Gymnastics
FALSETTA Ross,Male,Great Britain,Artistic Gymnastics
DENG Ajou,Male,South Sudan,Basketball
WIGNALL Rachel,Female,Great Britain,Artistic Gymnastics
MEIJER Eric,Male,Netherlands,Volleyball
KOSLOWSKI Felix,Male,Netherlands,Volleyball
FERRER CUTINO Gil,Male,Netherlands,Volleyball
IVEY Royal,Male,South Sudan,Basketball
KOUDI Mandela,Male,South Sudan,Basketball
CHIEJINE Ann,Female,Nigeria,Football
KULESZA Kasia,Female,Canada,Artistic Swimming
MORGAN Kerri,Female,Canada,Artistic Swimming
VOLOSHYNA Anna,Female,Canada,Artistic Swimming
YAKHNO Yelyzaveta,Female,Canada,Artistic Swimming
SAWADOGO Rasmane,Male,Burkina Faso,Taekwondo
BAUR Steve,Male,Canada,Basketball
BJORKGREN Nate,Male,Canada,Basketball
CLARKE Carly,Female,Canada,Basketball
FERNANDEZ Jordi,Male,Canada,Basketball
LAPENA Victor,Male,Canada,Basketball
MITCHELL Nathaniel,Male,Canada,Basketball
N'DONG Boniface,Male,Canada,Basketball
PAGE Murriel,Female,Canada,Basketball
QUINN Noelle,Female,Canada,Basketball
DENG Luol,Male,South Sudan,Basketball
CASTANEDA Allen Aldrin,Male,Philippines,Artistic Gymnastics
HRYBANOV Andrii,Male,Israel,Artistic Gymnastics
GRIFFETH Garrett Stephen,Male,Philippines,Artistic Gymnastics
ABAD EXPOSITO Iker Miquel,Male,Ireland,Taekwondo
WALDRUM Randy,Male,Nigeria,Football
DIAWARA Kaba,Male,Guinea,Football
CAPELLI Claudio,Male,Switzerland,Artistic Gymnastics
GUELZEC Laurent,Male,Switzerland,Artistic Gymnastics
KISTLER Frank,Male,Switzerland,Artistic Gymnastics
MUNOZ BENITEZ Fernando,Male,Egypt,Volleyball
KIM Myong Hwa,Female,DPR Korea,Artistic Gymnastics
TRAJKOVIC Ivan Konrad,Male,Slovenia,Taekwondo
PAVLIC Aljaz,Male,Slovenia,Handball
MIJATOVIC Branka,Female,Slovenia,Handball
ADZIC Dragan,Male,Slovenia,Handball
DROZHANOVA Elena,Female,Slovenia,Rhythmic Gymnastics
CRETU Gheorghe,Male,Slovenia,Volleyball
DIVKOVIC Goran,Male,Slovenia,Taekwondo
ZVIZEJ Luka,Male,Slovenia,Handball
de CECCO Matteo,Male,Slovenia,Volleyball
RETELJ Natasa,Female,Slovenia,Artistic Gymnastics
ZORMAN Uros,Male,Slovenia,Handball
KEDACIC Zoran,Male,Slovenia,Volleyball
MUGANGUZI Wani,Male,Nigeria,Basketball
FITZGERALD David,Male,Ireland,Hockey
BAM Jenna,Female,South Africa,Rugby Sevens
FALAHATGAR ETMINANI Davoud,Male,Bulgaria,Taekwondo
PETROVIC Aleksandar,Male,Brazil,Basketball
GORIATCHKINE Ivan,Male,Philippines,Artistic Gymnastics
BASILE Leonardo,Male,EOR,Taekwondo
VICTOR John,Male,Nigeria,Taekwondo
DONNELLY Peter,Male,Ireland,Rugby Sevens
CARSON Luke,Male,Ireland,Artistic Gymnastics
GORBACHEV Stepan,Male,Ukraine,Artistic Gymnastics
MARAJAN Sabit,Male,South Sudan,Taekwondo
DIAWARA Fousseni,Male,Guinea,Football
CAUKAUNIVALU Setefano,Male,Fiji,Rugby Sevens
GRANDES Pablo,Male,Iraq,Football
FONG Lerissa,Female,Samoa,Rugby Sevens
POMARE Sapani,Male,Samoa,Rugby Sevens
FAALUPEGA Avii,Female,Samoa,Rugby Sevens
DAVID EP CHIRILCENCO Georgeta,Female,Algeria,Artistic Gymnastics
ELZEFTAWEY Tarek,Male,Egypt,Volleyball
GAARENSTROOM Jordan Jon,Male,Syria,Artistic Gymnastics
PROST KOSIR Primoz,Male,Slovenia,Handball
TRAORE Alioune,Male,Mali,Taekwondo
COCCIA Kristina,Female,Haiti,Artistic Gymnastics
KAMKASOUMPHOU Ekvara,Male,Mali,Taekwondo
KHAJAVI Naeima,Male,Egypt,Taekwondo
LAWSON Franck,Male,Burkina Faso,Taekwondo
Mc DONALD Janelle Leigh,Female,Philippines,Artistic Gymnastics
QUESNEL Yannick,Male,Guinea,Football
TANSKANEN Juha Petteri,Male,Syria,Artistic Gymnastics
CHOUBA Jaouad,Female,Guinea-Bissau,Taekwondo
HERDEIRO Alvaro Francisco,Male,Brazil,Handball
MAROJA Gabriel Augusto,Male,Brazil,Handball
ALONSO BERNARDO Jessica,Female,Spain,Handball
LARSSON Thomas Erik Daniel,Male,Netherlands,Handball
CAROU Gonzalo,Male,Argentina,Handball
CAZON Guillermo,Male,Argentina,Handball
CAAMANO Juan,Male,Spain,Handball
TORRESCUSA Ignacio,Male,Spain,Handball
GJERDE Joar,Male,Norway,Handball
BONDAR Vladyslav,Male,Burkina Faso,Taekwondo
CICHELLO Juan Manuel,Male,Italy,Volleyball
VASSILIADES Emmanuel,Male,Greece,Water Polo
